Software Engineer (All experience levels welcome),tiney,Unavailable,"£90,000 a year"," 
 30 mins informal interview/coffee with another one of our engineers or a Product Manager.
 Up to £90k depending on experience, plus stock options.
",https://uk.indeed.com/rc/clk?jk=8c46a2b248c0b735&fccid=a3b18b7837153bdc&vjs=3
Quantitative Research Intern,Diadem Alpha Technologies,Unavailable,"From £3,000 a month"," 
 Write code to implement quantitative methods and develop software tools for the team.
 Collect, process, and analyze large datasets to identify patterns, trends,…
",https://uk.indeed.com/company/Diadem-Alpha-Technologies/jobs/Research-Intern-5794474d0dc160f2?fccid=ffb310c03f436e7c&vjs=3
Backend Engineer,Monzo,Unavailable,"£75,000 - £100,000 a year"," 
 You're interested in distributed systems and writing resilient software.
 Kafka for our asynchronous message queue.
 React for internal web dashboards.
",https://uk.indeed.com/rc/clk?jk=6bbb3251822c96c2&fccid=73da13d58dc1080c&vjs=3
Senior Full Stack Developer,HCL Tech,Unavailable,"£30,000 - £60,000 a year"," 
 When you are part of a $10 Bn company that’s been voted as the Top Employer by Forbes, you know you can take a few things granted.
",https://uk.indeed.com/pagead/clk?mo=r&ad=-6NYlbfkN0D6fhqT4KhXgDYi3ui4qJEwSzM9UgPOg0yHfLRWvp5S4itzElRkRM1Qb52izuoZZp3i1IQ6jAXQYSBEtjPnMDJQXFbqUFzvdIn4PXVR3u0goIEH8_ViaBpQ-clFSFzri6BUCGPj7NKcNNnJgqU6ej6o_C-ZMjppbjRejZh3f5MNJY50KTnsVq5uuZ_exMXsGRSpwhqTRDFC-LvMh26p5IWAYnVo4JAKoso8mjp0a06Bl_Qnq6gHPytIAIKD8WeTZDiKdRlqOrgqgrhX22IDNNx8qoY6V-lSD0zRLJdvrOd8T2-J2KjV-CP0G1f0SPB9u9ImmTBsMGhyOlrvOSnOToVGuGGEW6vtvpQ0zhVRAVdEZlwna-I2mjfNsyP9c8Gz93-ggyrMmU_b_KeXlWTwU0-pRb1pgHFtt07U4nBf8VWOk70TJMERU65mVBIjSwgZa8Ui1WXdpqAY24Se5_jjWOmnn1cb-xDezrHXmWFltR0yKToqnaBFU7cCmoTEo6Iz1O6V0JNYkEizO0Zd-Y1QdC2CcyUOpaFsjbNiUKZtw2QfH-BHgev5TDKB4H08e8LRHaYTGtZLTOmMXQ==&xkcb=SoAD-_M3MGxpqZ2zM50KbzkdCdPP&p=1&fvj=1&vjs=3
Software Developer,infinitude limited,Unavailable,"£33,000 - £38,000 a year"," 
 Software Development Engineer in Test in the Digital Platform UI team, you will be working collaboratively with experienced engineers , managers and business…
",https://uk.indeed.com/company/Infinitude-Limited/jobs/Software-Engineer-681eed963064defc?fccid=1dc05e6fb6000c7d&vjs=3
Software Development Internship,Softwire,Unavailable,"£30,000 a year"," 
 Get a feel for life as a professional digital engineer, building real-world software.
 You and your intern colleagues will be exposed to the full delivery…
",https://uk.indeed.com/rc/clk?jk=fc63bf03940b5708&fccid=ea94cafa08dade11&vjs=3
Software Engineer,TATT 2 International,Unavailable,"£24,000 - £30,000 a year"," 
 We are looking for a dynamic and enthusiastic Software Engineer to join our system transformation programme.
 We are overhauling our ageing business and customer…
",https://uk.indeed.com/company/TATT-2-International/jobs/Software-Engineer-e81a07d72d7f2ec5?fccid=4042ad6cd3b46202&vjs=3
Research Software Engineer,British Antarctic Survey,Unavailable,"£39,748 - £50,790 a year"," 
 3 Year Fixed Term Contract.
 £39,748 - £50,790 Per Annum.
 BAS Cambridge with remote working options.
 British Antarctic Survey (BAS) delivers and enables world…
",https://uk.indeed.com/rc/clk?jk=9360649074c76c7d&fccid=23824bffb11219c6&vjs=3
Senior Full Stack Developer,HCL Tech,Unavailable,"£30,000 - £60,000 a year"," 
 When you are part of a $10 Bn company that’s been voted as the Top Employer by Forbes, you know you can take a few things granted.
",https://uk.indeed.com/pagead/clk?mo=r&ad=-6NYlbfkN0D6fhqT4KhXgDYi3ui4qJEwSzM9UgPOg0yHfLRWvp5S4itzElRkRM1Qb52izuoZZp3i1IQ6jAXQYSBEtjPnMDJQXFbqUFzvdIn4PXVR3u0goIEH8_ViaBpQ-clFSFzri6BUCGPj7NKcNNnJgqU6ej6o_C-ZMjppbjRejZh3f5MNJY50KTnsVq5uuZ_exMXsGRSpwhqTRDFC-LvMh26p5IWAYnVo4JAKoso8mjp0a06Bl_Qnq6gHPytIAIKD8WeTZDiKdRlqOrgqgrhX22IDNNx8qoY6V-lSD0zRLJdvrOd8T2-J2KjV-CP0G1f0SPB9u9ImmTBsMGhyOlrvOSnOToVGuGGEW6vtvpQ0zhVRAVdEZlwna-I2mjfNsyP9c8Gz93-ggyrMmU_b_KeXlWTwU0-pRb1pgHFtt07U4nBf8VWOk70TJMERU65mVBIjSwgZa8Ui1WXdpqAY24Se5_jjWOmnn1cb-xDezrHXmWFltR0yKToqnaBFU7cCmoTEo6Iz1O6V0JNYkEizO0Zd-Y1QdC2CcyUOpaFsjbNiUKZtw2QfH-BHgev5TDKB4H08e8LRHaYTGtZLTOmMXQ==&xkcb=SoAD-_M3MGxpqZ2zM50KbzkdCdPP&p=1&fvj=1&vjs=3
Software Developer,infinitude limited,Unavailable,"£33,000 - £38,000 a year"," 
 Software Development Engineer in Test in the Digital Platform UI team, you will be working collaboratively with experienced engineers , managers and business…
",https://uk.indeed.com/company/Infinitude-Limited/jobs/Software-Engineer-681eed963064defc?fccid=1dc05e6fb6000c7d&vjs=3
Software Development Internship,Softwire,Unavailable,"£30,000 a year"," 
 Get a feel for life as a professional digital engineer, building real-world software.
 You and your intern colleagues will be exposed to the full delivery…
",https://uk.indeed.com/rc/clk?jk=fc63bf03940b5708&fccid=ea94cafa08dade11&vjs=3
Software Engineer,TATT 2 International,Unavailable,"£24,000 - £30,000 a year"," 
 We are looking for a dynamic and enthusiastic Software Engineer to join our system transformation programme.
 We are overhauling our ageing business and customer…
",https://uk.indeed.com/company/TATT-2-International/jobs/Software-Engineer-e81a07d72d7f2ec5?fccid=4042ad6cd3b46202&vjs=3
Research Software Engineer,British Antarctic Survey,Unavailable,"£39,748 - £50,790 a year"," 
 3 Year Fixed Term Contract.
 £39,748 - £50,790 Per Annum.
 BAS Cambridge with remote working options.
 British Antarctic Survey (BAS) delivers and enables world…
",https://uk.indeed.com/rc/clk?jk=9360649074c76c7d&fccid=23824bffb11219c6&vjs=3
Senior Full Stack Developer,HCL Tech,Unavailable,"£30,000 - £60,000 a year"," 
 When you are part of a $10 Bn company that’s been voted as the Top Employer by Forbes, you know you can take a few things granted.
",https://uk.indeed.com/pagead/clk?mo=r&ad=-6NYlbfkN0D6fhqT4KhXgDYi3ui4qJEwSzM9UgPOg0yHfLRWvp5S4itzElRkRM1Qb52izuoZZp3i1IQ6jAXQYSBEtjPnMDJQXFbqUFzvdIn4PXVR3u0goIEH8_ViaBpQ-clFSFzri6BUCGPj7NKcNNnJgqU6ej6o_C-ZMjppbjRejZh3f5MNJY50KTnsVq5uuZ_exMXsGRSpwhqTRDFC-LvMh26p5IWAYnVo4JAKoso8mjp0a06Bl_Qnq6gHPytIAIKD8WeTZDiKdRlqOrgqgrhX22IDNNx8qoY6V-lSD0zRLJdvrOd8T2-J2KjV-CP0G1f0SPB9u9ImmTBsMGhyOlrvOSnOToVGuGGEW6vtvpQ0zhVRAVdEZlwna-I2mjfNsyP9c8Gz93-ggyrMmU_b_KeXlWTwU0-pRb1pgHFtt07U4nBf8VWOk70TJMERU65mVBIjSwgZa8Ui1WXdpqAY24Se5_jjWOmnn1cb-xDezrHXmWFltR0yKToqnaBFU7cCmoTEo6Iz1O6V0JNYkEizO0Zd-Y1QdC2CcyUOpaFsjbNiUKZtw2QfH-BHgev5TDKB4H08e8LRHaYTGtZLTOmMXQ==&xkcb=SoAD-_M3MGxpqZ2zM50KbzkdCdPP&p=1&fvj=1&vjs=3
Software Developer,infinitude limited,Unavailable,"£33,000 - £38,000 a year"," 
 Software Development Engineer in Test in the Digital Platform UI team, you will be working collaboratively with experienced engineers , managers and business…
",https://uk.indeed.com/company/Infinitude-Limited/jobs/Software-Engineer-681eed963064defc?fccid=1dc05e6fb6000c7d&vjs=3
Software Development Internship,Softwire,Unavailable,"£30,000 a year"," 
 Get a feel for life as a professional digital engineer, building real-world software.
 You and your intern colleagues will be exposed to the full delivery…
",https://uk.indeed.com/rc/clk?jk=fc63bf03940b5708&fccid=ea94cafa08dade11&vjs=3
Software Engineer,TATT 2 International,Unavailable,"£24,000 - £30,000 a year"," 
 We are looking for a dynamic and enthusiastic Software Engineer to join our system transformation programme.
 We are overhauling our ageing business and customer…
",https://uk.indeed.com/company/TATT-2-International/jobs/Software-Engineer-e81a07d72d7f2ec5?fccid=4042ad6cd3b46202&vjs=3
Research Software Engineer,British Antarctic Survey,Unavailable,"£39,748 - £50,790 a year"," 
 3 Year Fixed Term Contract.
 £39,748 - £50,790 Per Annum.
 BAS Cambridge with remote working options.
 British Antarctic Survey (BAS) delivers and enables world…
",https://uk.indeed.com/rc/clk?jk=9360649074c76c7d&fccid=23824bffb11219c6&vjs=3
Senior Full Stack Developer,HCL Tech,Unavailable,"£30,000 - £60,000 a year"," 
 When you are part of a $10 Bn company that’s been voted as the Top Employer by Forbes, you know you can take a few things granted.
",https://uk.indeed.com/pagead/clk?mo=r&ad=-6NYlbfkN0D6fhqT4KhXgDYi3ui4qJEwSzM9UgPOg0yHfLRWvp5S4itzElRkRM1Qb52izuoZZp3i1IQ6jAXQYSBEtjPnMDJQXFbqUFzvdIn4PXVR3u0goIEH8_ViaBpQ-clFSFzri6BUCGPj7NKcNNnJgqU6ej6o_C-ZMjppbjRejZh3f5MNJY50KTnsVq5uuZ_exMXsGRSpwhqTRDFC-LvMh26p5IWAYnVo4JAKoso8mjp0a06Bl_Qnq6gHPytIAIKD8WeTZDiKdRlqOrgqgrhX22IDNNx8qoY6V-lSD0zRLJdvrOd8T2-J2KjV-CP0G1f0SPB9u9ImmTBsMGhyOlrvOSnOToVGuGGEW6vtvpQ0zhVRAVdEZlwna-I2mjfNsyP9c8Gz93-ggyrMmU_b_KeXlWTwU0-pRb1pgHFtt07U4nBf8VWOk70TJMERU65mVBIjSwgZa8Ui1WXdpqAY24Se5_jjWOmnn1cb-xDezrHXmWFltR0yKToqnaBFU7cCmoTEo6Iz1O6V0JNYkEizO0Zd-Y1QdC2CcyUOpaFsjbNiUKZtw2QfH-BHgev5TDKB4H08e8LRHaYTGtZLTOmMXQ==&xkcb=SoAD-_M3MGxpqZ2zM50KbzkdCdPP&p=1&fvj=1&vjs=3
Software Developer,infinitude limited,Unavailable,"£33,000 - £38,000 a year"," 
 Software Development Engineer in Test in the Digital Platform UI team, you will be working collaboratively with experienced engineers , managers and business…
",https://uk.indeed.com/company/Infinitude-Limited/jobs/Software-Engineer-681eed963064defc?fccid=1dc05e6fb6000c7d&vjs=3
Software Engineer (All experience levels welcome),tiney,Unavailable,"£90,000 a year"," 
 30 mins informal interview/coffee with another one of our engineers or a Product Manager.
 Up to £90k depending on experience, plus stock options.
",https://uk.indeed.com/rc/clk?jk=8c46a2b248c0b735&fccid=a3b18b7837153bdc&vjs=3
Quantitative Research Intern,Diadem Alpha Technologies,Unavailable,"From £3,000 a month"," 
 Write code to implement quantitative methods and develop software tools for the team.
 Collect, process, and analyze large datasets to identify patterns, trends,…
",https://uk.indeed.com/company/Diadem-Alpha-Technologies/jobs/Research-Intern-5794474d0dc160f2?fccid=ffb310c03f436e7c&vjs=3
Backend Engineer,Monzo,Unavailable,"£75,000 - £100,000 a year"," 
 You're interested in distributed systems and writing resilient software.
 Kafka for our asynchronous message queue.
 React for internal web dashboards.
",https://uk.indeed.com/rc/clk?jk=6bbb3251822c96c2&fccid=73da13d58dc1080c&vjs=3
Software Engineer,Epyx Limited,Unavailable,"£45,000 - £55,000 a year"," 
 Mentor and coach our junior software engineers.
 Track record in delivering agile development of software using the appropriate tools.
 THE PURPOSE OF THE ROLE:*.
",https://uk.indeed.com/pagead/clk?mo=r&ad=-6NYlbfkN0Ab28DyHV1VwZ50LYRDrj42LkcQaWkrNgIRn3AA57iaFu6ggOq7VB9viS0NTH7CEfxLczja25Ay-fYkSz1vqZkpT70bziLL1p0uWs9gp7wtez7dCh1r4Lk4mfSE9zqjulSbcYvuWruuhWvf7_wfOQW9RRTLExu9uLHuQfEs9PtFICfZfogWDw8HQlq9TseysIhsHLhmJ95hcfNQlgHIQDoxH7pF3yyTrvJOPpgyUJ1u29EQOh6TYAyaWfq9nRp87FYLRV08wLROHKwcEC5SQawtW9lPSd95zG3R-Xduox0x3QDYxJ7rlN_KcKBZ6-8eOxFtK4TjUiPJmt9wxBU8n4My4nlvsm6v1AXKFzQCB_rgGKgkwM5sjzsVZisM1PUsv0Kmv57XBSsaL72LcMVYL8eRVYt9QuWgrmIIsu6rNeWtXeq1UkcOiBZ02Wdx8963RJlRH0XUDZ3-hYbrA9RElnDFeI3iSCHP2lhfnsYjJZzVALQqgX9kzfKecoJxLdSCEcVa6JhmkmasQSpgfF37EOAnmBfY0uNLTHk=&xkcb=SoCy-_M3MGx7KURuRp0JbzkdCdPP&p=2&fvj=1&vjs=3
Software Development Internship,Softwire,Unavailable,"£30,000 a year"," 
 Get a feel for life as a professional digital engineer, building real-world software.
 You and your intern colleagues will be exposed to the full delivery…
",https://uk.indeed.com/rc/clk?jk=fc63bf03940b5708&fccid=ea94cafa08dade11&vjs=3
Software Developer,infinitude limited,Unavailable,"£33,000 - £38,000 a year"," 
 Software Development Engineer in Test in the Digital Platform UI team, you will be working collaboratively with experienced engineers , managers and business…
",https://uk.indeed.com/company/Infinitude-Limited/jobs/Software-Engineer-681eed963064defc?fccid=1dc05e6fb6000c7d&vjs=3
Research Software Engineer,British Antarctic Survey,Unavailable,"£39,748 - £50,790 a year"," 
 3 Year Fixed Term Contract.
 £39,748 - £50,790 Per Annum.
 BAS Cambridge with remote working options.
 British Antarctic Survey (BAS) delivers and enables world…
",https://uk.indeed.com/rc/clk?jk=9360649074c76c7d&fccid=23824bffb11219c6&vjs=3
PLC Software Engineers,Max Wright,Unavailable,"£24,847 - £55,000 a year"," 
 The position involves working along side our team of highly experienced software and electrical engineers.
 They will be expected to move on to engineer their…
",https://uk.indeed.com/pagead/clk?mo=r&ad=-6NYlbfkN0BciB7n10auFiXgkus96AD6_tIr1W3B1wqmt4jGXetfZ9AwwyeNV2h0qPLe1Vx8YH68qYANrxerOvnMlrVsKymFq_pPq5FYJ7Xe0I89gM-YNg8irtM3x3FRssRX6cedf32yEZKaSRtmwd5wcv3etExjFFm_2KDFrXuzdJsNW56W3RDZfuEMz9OYd97XQH6HwX8v9pQVMyAnQdEtsRxgedAyU3rYbrAVqVvNhq-shdR-vwL9VdTyr27qMxw1dbSjahRcqAYGr_GWc-io-BIuvl5iGnHt4lTm8dwif9FfzJciGwnEWeyo9sg4Avv93k43oeTYbk21k1lRd3s53Q7GW6oKmBfMoK740NUDxupbMgDRN3giY-SUbKST7jY5CaTdApyiIGw_Qn-cQ_rLub8Bq9QkS7t06iV7Ah2VRme0TUDN-iyiZl_B2IUh07BQ1r_D4oEV3Pj2EKzyfT7aaAi2Nib0dDBYlJfUSkmR7sV-7aTez7Yx3X8b_jIfKPp5Z4VQvRgPr1sOof02_QGlaV82MHhtmSyCHj1AGuc=&xkcb=SoDv-_M3MGx7KURuRp0HbzkdCdPP&p=12&fvj=1&vjs=3
Junior Software Engineer Apprentice,ESTIO TRAINING,Unavailable,"£20,000 a year"," 
 Apply security best practice to the software solution throughout the software development life cycle.
 Develop software and solutions to meet user needs (support…
",https://uk.indeed.com/rc/clk?jk=698705dd6f85852d&fccid=a61c3e559c20a102&vjs=3
Senior Software Developer,R2C Online Ltd,Unavailable,"£50,000 - £60,000 a year"," 
 Mentor and coach our junior software engineers.
 Track record in delivering agile development of software using the appropriate tools.
 THE PURPOSE OF THE ROLE:*.
",https://uk.indeed.com/pagead/clk?mo=r&ad=-6NYlbfkN0Ab28DyHV1VwZ50LYRDrj42LkcQaWkrNgIRn3AA57iaFqIHX_n68JtYLJJqVnaNEh2AKsZc-rvThx4MuSKBs_cetKIDsWs4iEeuqcmiwj9ZKqBjXD2IFwD5JDD1zGA1w5WRSSKOEbXxRGxHUEOvFhU36t2Z-S_TSpCUnP1_G8VbhqO8KSfcSxYo-_VqwKOxiB6Xw6pHhcrWBAg0QGTkKmjq2bD5JSnxWxCS86fPs_NYi_vL9A3-qBWCEPW_VxBsgNeHbL7G3LZBUWBQK0Dh7NE_b93ASFyssQdOVntFrWiDtAfAQUyLgzV9KDyIzPbJlc6YIFDfYyyO256sRmadJaTaAR4SDybhYdtul8Lgf2R9Gf9xTq0ZdMYnS3ACWifYc9UOEm3Ex792FUcfPMxFHPPD1sq2Fgce0QJxDbFCYF09V7PXwQ6vZ1I-Ofy2U2YlXl56YTWe0heA7K4Zqdi3_xeoU8SgfMZ56PVC60DrhtVb_drHuvn3bR696pg1UjxiCw5UBnXeYbQFQh_OM_piiMZ4WxEAOAWANgmKV5F4D2ZWgg==&xkcb=SoDG-_M3MGx7KURuRp0FbzkdCdPP&p=14&fvj=1&vjs=3
Software Engineer,Epyx Limited,Unavailable,"£45,000 - £55,000 a year"," 
 Mentor and coach our junior software engineers.
 Track record in delivering agile development of software using the appropriate tools.
 THE PURPOSE OF THE ROLE:*.
",https://uk.indeed.com/pagead/clk?mo=r&ad=-6NYlbfkN0Ab28DyHV1VwZ50LYRDrj42LkcQaWkrNgIRn3AA57iaFu6ggOq7VB9viS0NTH7CEfxLczja25Ay-fYkSz1vqZkpT70bziLL1p0uWs9gp7wtez7dCh1r4Lk4mfSE9zqjulSbcYvuWruuhWvf7_wfOQW9RRTLExu9uLHuQfEs9PtFICfZfogWDw8HQlq9TseysIhsHLhmJ95hcfNQlgHIQDoxH7pF3yyTrvJOPpgyUJ1u29EQOh6TYAyaWfq9nRp87FYLRV08wLROHKwcEC5SQawtW9lPSd95zG3R-Xduox0x3QDYxJ7rlN_KcKBZ6-8eOxFtK4TjUiPJmt9wxBU8n4My4nlvsm6v1AXKFzQCB_rgGKgkwM5sjzsVZisM1PUsv0Kmv57XBSsaL72LcMVYL8eRVYt9QuWgrmIIsu6rNeWtXeq1UkcOiBZ02Wdx8963RJlRH0XUDZ3-hYbrA9RElnDFeI3iSCHP2lhfnsYjJZzVALQqgX9kzfKecoJxLdSCEcVa6JhmkmasQSpgfF37EOAnmBfY0uNLTHk=&xkcb=SoCy-_M3MGx7KURuRp0JbzkdCdPP&p=2&fvj=1&vjs=3
Software Development Internship,Softwire,Unavailable,"£30,000 a year"," 
 Get a feel for life as a professional digital engineer, building real-world software.
 You and your intern colleagues will be exposed to the full delivery…
",https://uk.indeed.com/rc/clk?jk=fc63bf03940b5708&fccid=ea94cafa08dade11&vjs=3
Software Developer,infinitude limited,Unavailable,"£33,000 - £38,000 a year"," 
 Software Development Engineer in Test in the Digital Platform UI team, you will be working collaboratively with experienced engineers , managers and business…
",https://uk.indeed.com/company/Infinitude-Limited/jobs/Software-Engineer-681eed963064defc?fccid=1dc05e6fb6000c7d&vjs=3
Research Software Engineer,British Antarctic Survey,Unavailable,"£39,748 - £50,790 a year"," 
 3 Year Fixed Term Contract.
 £39,748 - £50,790 Per Annum.
 BAS Cambridge with remote working options.
 British Antarctic Survey (BAS) delivers and enables world…
",https://uk.indeed.com/rc/clk?jk=9360649074c76c7d&fccid=23824bffb11219c6&vjs=3
PLC Software Engineers,Max Wright,Unavailable,"£24,847 - £55,000 a year"," 
 The position involves working along side our team of highly experienced software and electrical engineers.
 They will be expected to move on to engineer their…
",https://uk.indeed.com/pagead/clk?mo=r&ad=-6NYlbfkN0BciB7n10auFiXgkus96AD6_tIr1W3B1wqmt4jGXetfZ9AwwyeNV2h0qPLe1Vx8YH68qYANrxerOvnMlrVsKymFq_pPq5FYJ7Xe0I89gM-YNg8irtM3x3FRssRX6cedf32yEZKaSRtmwd5wcv3etExjFFm_2KDFrXuzdJsNW56W3RDZfuEMz9OYd97XQH6HwX8v9pQVMyAnQdEtsRxgedAyU3rYbrAVqVvNhq-shdR-vwL9VdTyr27qMxw1dbSjahRcqAYGr_GWc-io-BIuvl5iGnHt4lTm8dwif9FfzJciGwnEWeyo9sg4Avv93k43oeTYbk21k1lRd3s53Q7GW6oKmBfMoK740NUDxupbMgDRN3giY-SUbKST7jY5CaTdApyiIGw_Qn-cQ_rLub8Bq9QkS7t06iV7Ah2VRme0TUDN-iyiZl_B2IUh07BQ1r_D4oEV3Pj2EKzyfT7aaAi2Nib0dDBYlJfUSkmR7sV-7aTez7Yx3X8b_jIfKPp5Z4VQvRgPr1sOof02_QGlaV82MHhtmSyCHj1AGuc=&xkcb=SoDv-_M3MGx7KURuRp0HbzkdCdPP&p=12&fvj=1&vjs=3
Junior Software Engineer Apprentice,ESTIO TRAINING,Unavailable,"£20,000 a year"," 
 Apply security best practice to the software solution throughout the software development life cycle.
 Develop software and solutions to meet user needs (support…
",https://uk.indeed.com/rc/clk?jk=698705dd6f85852d&fccid=a61c3e559c20a102&vjs=3
Senior Software Developer,R2C Online Ltd,Unavailable,"£50,000 - £60,000 a year"," 
 Mentor and coach our junior software engineers.
 Track record in delivering agile development of software using the appropriate tools.
 THE PURPOSE OF THE ROLE:*.
",https://uk.indeed.com/pagead/clk?mo=r&ad=-6NYlbfkN0Ab28DyHV1VwZ50LYRDrj42LkcQaWkrNgIRn3AA57iaFqIHX_n68JtYLJJqVnaNEh2AKsZc-rvThx4MuSKBs_cetKIDsWs4iEeuqcmiwj9ZKqBjXD2IFwD5JDD1zGA1w5WRSSKOEbXxRGxHUEOvFhU36t2Z-S_TSpCUnP1_G8VbhqO8KSfcSxYo-_VqwKOxiB6Xw6pHhcrWBAg0QGTkKmjq2bD5JSnxWxCS86fPs_NYi_vL9A3-qBWCEPW_VxBsgNeHbL7G3LZBUWBQK0Dh7NE_b93ASFyssQdOVntFrWiDtAfAQUyLgzV9KDyIzPbJlc6YIFDfYyyO256sRmadJaTaAR4SDybhYdtul8Lgf2R9Gf9xTq0ZdMYnS3ACWifYc9UOEm3Ex792FUcfPMxFHPPD1sq2Fgce0QJxDbFCYF09V7PXwQ6vZ1I-Ofy2U2YlXl56YTWe0heA7K4Zqdi3_xeoU8SgfMZ56PVC60DrhtVb_drHuvn3bR696pg1UjxiCw5UBnXeYbQFQh_OM_piiMZ4WxEAOAWANgmKV5F4D2ZWgg==&xkcb=SoDG-_M3MGx7KURuRp0FbzkdCdPP&p=14&fvj=1&vjs=3
Software Engineer,Epyx Limited,Unavailable,"£45,000 - £55,000 a year"," 
 Mentor and coach our junior software engineers.
 Track record in delivering agile development of software using the appropriate tools.
 THE PURPOSE OF THE ROLE:*.
",https://uk.indeed.com/pagead/clk?mo=r&ad=-6NYlbfkN0Ab28DyHV1VwZ50LYRDrj42LkcQaWkrNgIRn3AA57iaFu6ggOq7VB9viS0NTH7CEfxLczja25Ay-fYkSz1vqZkpT70bziLL1p0uWs9gp7wtez7dCh1r4Lk4mfSE9zqjulSbcYvuWruuhWvf7_wfOQW9RRTLExu9uLHuQfEs9PtFICfZfogWDw8HQlq9TseysIhsHLhmJ95hcfNQlgHIQDoxH7pF3yyTrvJOPpgyUJ1u29EQOh6TYAyaWfq9nRp87FYLRV08wLROHKwcEC5SQawtW9lPSd95zG3R-Xduox0x3QDYxJ7rlN_KcKBZ6-8eOxFtK4TjUiPJmt9wxBU8n4My4nlvsm6v1AXKFzQCB_rgGKgkwM5sjzsVZisM1PUsv0Kmv57XBSsaL72LcMVYL8eRVYt9QuWgrmIIsu6rNeWtXeq1UkcOiBZ02Wdx8963RJlRH0XUDZ3-hYbrA9RElnDFeI3iSCHP2lhfnsYjJZzVALQqgX9kzfKecoJxLdSCEcVa6JhmkmasQSpgfF37EOAnmBfY0uNLTHk=&xkcb=SoCy-_M3MGx7KURuRp0JbzkdCdPP&p=2&fvj=1&vjs=3
Software Development Internship,Softwire,Unavailable,"£30,000 a year"," 
 Get a feel for life as a professional digital engineer, building real-world software.
 You and your intern colleagues will be exposed to the full delivery…
",https://uk.indeed.com/rc/clk?jk=fc63bf03940b5708&fccid=ea94cafa08dade11&vjs=3
Software Developer,infinitude limited,Unavailable,"£33,000 - £38,000 a year"," 
 Software Development Engineer in Test in the Digital Platform UI team, you will be working collaboratively with experienced engineers , managers and business…
",https://uk.indeed.com/company/Infinitude-Limited/jobs/Software-Engineer-681eed963064defc?fccid=1dc05e6fb6000c7d&vjs=3
